,RMSE,R²
Linear Regression,61.97016558372011,0.46130677719395297
Random Forest,60.2373832891156,0.4910110027412362
XGBoost,60.64759666026197,0.48405502227443675
