,RMSE,R²
Linear Regression,56.887012458789826,0.5840138574879088
Random Forest,32.20288845952235,0.8666962809237051
XGBoost,14.295416485542392,0.9737308621406555
