,RMSE,R²
Linear Regression,52.779996393951436,0.8038492697708473
Random Forest,0.20150038322287175,0.9999971410736351
XGBoost,6.393940035474691,0.9971213340759277
